{
    "ac_index": {
        "A": 1,
        "AA": 22,
        "B": 2,
        "BB": 13,
        "C": 7,
        "CC": 14,
        "D": 5,
        "DD": 15,
        "E": 8,
        "End": 30,
        "F": 4,
        "G": 3,
        "H": 6,
        "I": 9,
        "J": 10,
        "K": 11,
        "L": 29,
        "M": 25,
        "N": 17,
        "O": 12,
        "P": 23,
        "Q": 24,
        "R": 16,
        "S": 20,
        "Start": 0,
        "T": 21,
        "U": 26,
        "V": 27,
        "X": 28,
        "Y": 18,
        "Z": 19
    },
    "dense_act": "linear",
    "generated_at": "25/05/2021 13:08:03",
    "inter_mean_states": {
        "tasks": {
            "A": 0.04456571168713051,
            "AA": 0.030137665881185664,
            "B": 0.04191988093761627,
            "BB": 0.034106412005457026,
            "C": 0.037124312704121705,
            "CC": 0.18061928975980818,
            "D": 0.04030757782463103,
            "DD": 0.02877340940096738,
            "E": 0.04200256314853859,
            "End": 0.0,
            "F": 0.03576005622390343,
            "G": 0.03964612013725247,
            "H": 0.04208524535946091,
            "I": 0.06337591467195833,
            "J": 0.27599322005870436,
            "K": 0.05382611931043036,
            "L": 0.029930960353879862,
            "M": 0.01355988259126049,
            "N": 0.022448220265409897,
            "O": 0.020133118359584937,
            "P": 0.005994460291868204,
            "Q": 0.05283393277936252,
            "R": 0.40749927653065443,
            "S": 0.07548885857207822,
            "Start": 0.0,
            "T": 0.07714250279052462,
            "U": 0.02439125222208442,
            "V": 0.1108768448468312,
            "X": 0.017652652031915333,
            "Y": 0.03675224275497127,
            "Z": 0.1724337508784985
        },
        "wip": 3.4285005581049237
    },
    "l_size": 100,
    "loss": 0.0124497329816222,
    "lstm_act": "tanh",
    "n_size": 15,
    "optim": "Nadam",
    "output": "output_files/20210525_DDA2D683_2D0E_44A5_9A44_F1CBF8FB817D/20210525_DAB8D2B2_02AE_4B5A_B3B3_CFF3512A4417",
    "roles": {
        "Role 1": [
            "MNO-000002",
            "MNO-000003",
            "MNO-000001"
        ],
        "Role 2": [
            "DEF-000001",
            "DEF-000003",
            "DEF-000002"
        ],
        "Role 3": [
            "JKL-000001",
            "JKL-000002",
            "JKL-000003"
        ],
        "Role 4": [
            "GHI-000003",
            "GHI-000001",
            "GHI-000002"
        ],
        "Role 5": [
            "ABC-000001"
        ]
    },
    "roles_table": [
        {
            "role": "Role 2",
            "task": "Q"
        },
        {
            "role": "Role 5",
            "task": "P"
        },
        {
            "role": "Role 4",
            "task": "X"
        },
        {
            "role": "Role 4",
            "task": "V"
        },
        {
            "role": "Role 4",
            "task": "U"
        },
        {
            "role": "Role 5",
            "task": "M"
        },
        {
            "role": "Role 1",
            "task": "BB"
        },
        {
            "role": "Role 1",
            "task": "CC"
        },
        {
            "role": "Role 1",
            "task": "DD"
        },
        {
            "role": "Role 5",
            "task": "O"
        },
        {
            "role": "Role 3",
            "task": "Z"
        },
        {
            "role": "Role 3",
            "task": "AA"
        },
        {
            "role": "Role 5",
            "task": "N"
        },
        {
            "role": "Role 3",
            "task": "Y"
        },
        {
            "role": "Role 5",
            "task": "L"
        },
        {
            "role": "Role 5",
            "task": "A"
        },
        {
            "role": "Role 5",
            "task": "H"
        },
        {
            "role": "Role 5",
            "task": "G"
        },
        {
            "role": "Role 5",
            "task": "F"
        },
        {
            "role": "Role 5",
            "task": "E"
        },
        {
            "role": "Role 5",
            "task": "D"
        },
        {
            "role": "Role 5",
            "task": "C"
        },
        {
            "role": "Role 5",
            "task": "B"
        },
        {
            "role": "Role 2",
            "task": "R"
        },
        {
            "role": "Role 2",
            "task": "S"
        },
        {
            "role": "Role 2",
            "task": "T"
        },
        {
            "role": "Role 5",
            "task": "K"
        },
        {
            "role": "Role 5",
            "task": "J"
        },
        {
            "role": "Role 5",
            "task": "I"
        }
    ],
    "sim_metric": "val_loss"
}