Dataset,Iteration,MAE,CI_Lower_MAE,CI_Upper_MAE,EMD,CI_Lower_EMD,CI_Upper_EMD
BPI_Challenge_2012_W_Two_TS,1,301651.15040683333,293385.5819517291,309916.7188619376,0.0079898126477605,0.007970287505569986,0.008009337789951014
BPI_Challenge_2017_W_Two_TS,1,301606.3027625337,286223.5359515836,316989.06957348384,0.014510933663839194,0.013771055606446349,0.015250811721232039
SynLoan,1,866210.4640384616,786542.3249021494,945878.6031747737,0.0059714908645801265,0.005552041214822578,0.006390940514337675
confidential_1000,1,15658.951191098207,14887.029412575,16430.872969621414,0.012547388034528371,0.012483176500416924,0.012611599568639819
cvs_pharmacy,1,46587.210500576926,38890.97281229695,54283.4481888569,0.006808939931753728,0.006798126912814033,0.0068197529506934225
