Dataset,Iteration,MAE,CI_Lower_MAE,CI_Upper_MAE,EMD,CI_Lower_EMD,CI_Upper_EMD
BPI_Challenge_2012_W_Two_TS,1,457581.59325326927,451007.48674052634,464155.6997660122,0.008005417200793988,0.007992629698498952,0.008018204703089024
BPI_Challenge_2012_W_Two_TS_2,1,302277.8762059444,293908.132247091,310647.6201647978,0.007992235626633261,0.007973741080083436,0.008010730173183087
BPI_Challenge_2017_W_Two_TS,1,301597.5313193457,286199.2038433962,316995.8587952952,0.014530635650069477,0.013830289259314364,0.01523098204082459
SynLoan,1,866424.9658653847,786316.2781107018,946533.6536200675,0.0059567593226459445,0.005567420683175955,0.006346097962115934
confidential_1000,1,15594.443892597967,14872.689959983174,16316.19782521276,0.012549413436739263,0.012484248490468725,0.012614578383009802
cvs_pharmacy,1,45344.78650142308,37793.110943086824,52896.46205975933,0.0068084570002331915,0.006797661175219147,0.006819252825247236
