Dataset,Iteration,MAE,CI_Lower_MAE,CI_Upper_MAE,EMD,CI_Lower_EMD,CI_Upper_EMD
BPI_Challenge_2012_W_Two_TS,1,357656.1153626112,352005.15295086725,363307.07777435513,0.007989136444385222,0.00798047732362844,0.007997795565142005
BPI_Challenge_2017_W_Two_TS,1,396176.6729008598,390710.49416830885,401642.8516334107,0.004753211981004816,0.004442887723303335,0.0050635362387062965
confidential_2000,1,7280.134226495726,6293.020105513433,8267.248347478018,0.009069581078453563,0.009050541878386152,0.009088620278520974
SynLoan,1,1269904.439326923,1250204.8177789496,1289604.0608748966,0.00338337868669192,0.0030395764714064993,0.003727180901977341
confidential_1000,1,27210.466071601353,25883.357127789834,28537.575015412873,0.012651628860464035,0.012587727348550619,0.012715530372377451
ConsultaDataMining201618,1,155875.07267318317,141720.02007477204,170030.1252715943,0.007835010835277836,0.007448047605458235,0.008221974065097438
cvs_pharmacy,1,112546.08254223077,92707.35564440113,132384.8094400604,0.006728283003384414,0.006724952241303765,0.006731613765465063
Productions,1,104550.00085470086,90546.20015021977,118553.80155918196,0.005284532240198102,0.004920760364844957,0.005648304115551246
PurchasingExample,1,2102293.3857578067,2080341.9819435745,2124244.7895720387,0.008574860991084033,0.008341590695795539,0.008808131286372527
